{
  "pareto_front_size": 2,
  "hypervolume": 0.0226565850102244,
  "expected_utility": -4.4681269590068435,
  "solutions": [
    {
      "objectives": [
        0.5488937739999991,
        8.255362360959985,
        5.0
      ],
      "metadata": {
        "policy_id": 3,
        "preference": [
          0.0200119501874526,
          0.6726183177105184,
          0.3073697321020289
        ],
        "stage": 1
      }
    },
    {
      "objectives": [
        0.5488937739999991,
        8.255362360959985,
        5.0
      ],
      "metadata": {
        "policy_id": "extended_1_Carbon",
        "preference": [
          0.15,
          0.7,
          0.15
        ],
        "stage": 2,
        "base_solution": 0
      }
    }
  ]
}