{
  "pareto_front_size": 3,
  "hypervolume": 0.08704185081540411,
  "expected_utility": -3.5149592751206944,
  "solutions": [
    {
      "objectives": [
        0.5535851737777768,
        0.0,
        9.298613896967423
      ],
      "metadata": {
        "policy_id": 1,
        "preference": [
          0.09784296501149996,
          0.6276139633959614,
          0.27454307159253855
        ],
        "stage": 1
      }
    },
    {
      "objectives": [
        0.5535851737777768,
        0.0,
        9.298613896967423
      ],
      "metadata": {
        "policy_id": "extended_1_Carbon",
        "preference": [
          0.15,
          0.7,
          0.15
        ],
        "stage": 2,
        "base_solution": 0
      }
    },
    {
      "objectives": [
        0.5535851737777768,
        1.4227138966088864,
        8.582178247472852
      ],
      "metadata": {
        "policy_id": "extended_1_Latency",
        "preference": [
          0.15,
          0.15,
          0.7
        ],
        "stage": 2,
        "base_solution": 0
      }
    }
  ]
}